Melhor,Pior,Média,Mediana,Desvio Padrão
6.5688904135809185,12.375633924725433,8.451915924964172,7.906506398925485,1.461876989345084
