Melhor,Pior,Média,Mediana,Desvio Padrão
5.753443848747576,7.781427816260779,6.720896536633104,6.644833660323808,0.5228876891471042
