Melhor,Pior,Média,Mediana,Desvio Padrão
6.868344095049259,14.316997542340019,12.319530423699621,13.19756294360108,2.0466090107743264
